{
    "mse": 0.390025143963954,
    "r2_score": 0.4031803412796233
}